Workbook

Sheet Summary
A1: CyberTrust KSA — Gap Analysis Summary
A2: Coverage of SRS v1.0 requirements by the delivered Django implementation
A4: Status | B4: Functional (FR) | C4: Non-Functional (NFR) | D4: Total
A5: Implemented | B5: =COUNTIF('Functional Requirements'!E:E,A5) -> 0 | C5: =COUNTIF('Non-Functional Requirements'!E:E,A5) -> 3 | D5: =B5+C5 -> 3
A6: Partial | B6: =COUNTIF('Functional Requirements'!E:E,A6) -> 8 | C6: =COUNTIF('Non-Functional Requirements'!E:E,A6) -> 10 | D6: =B6+C6 -> 18
A7: Broken | B7: =COUNTIF('Functional Requirements'!E:E,A7) -> 2 | C7: =COUNTIF('Non-Functional Requirements'!E:E,A7) -> 2 | D7: =B7+C7 -> 4
A8: Missing | B8: =COUNTIF('Functional Requirements'!E:E,A8) -> 2 | C8: =COUNTIF('Non-Functional Requirements'!E:E,A8) -> 14 | D8: =B8+C8 -> 16
A9: Deployment | B9: =COUNTIF('Functional Requirements'!E:E,A9) -> 0 | C9: =COUNTIF('Non-Functional Requirements'!E:E,A9) -> 16 | D9: =B9+C9 -> 16
A10: Process/QA | B10: =COUNTIF('Functional Requirements'!E:E,A10) -> 0 | C10: =COUNTIF('Non-Functional Requirements'!E:E,A10) -> 3 | D10: =B10+C10 -> 3
A11: TOTAL | B11: =SUM(B5:B10) -> 12 | C11: =SUM(C5:C10) -> 48 | D11: =SUM(D5:D10) -> 60
A14: Legend
A15: Implemented | B15: Built and functional
A16: Partial | B16: Partly built / gaps remain
A17: Broken | B17: Code exists but fails or has a defect
A18: Missing | B18: Not implemented at all
A19: Deployment | B19: Ops/infra concern, not app code
A20: Process/QA | B20: Organizational process item

Sheet Functional Requirements
A1: Functional Requirements
A2: CyberTrust KSA — Requirements Traceability Matrix (SRS v1.0 vs. Implementation)
A4: Req ID | B4: Requirement | C4: Module | D4: SRS Priority | E4: Status | F4: Evidence / Notes (in code)
A5: FR-001 | B5: Landing page (overview, 5-step, ROI, badges) | C5: Core | D5: High | E5: Partial | F5: core/views.landing_page + templates/core/landing.html exist. BUT FR-001.3 shows "334 controls" hardcoded while DB has 197. FR-001.8 AR/EN toggle non-functional (LocaleMiddleware missing).
A6: FR-002 | B6: Standalone company registration | C6: Core | D6: Critical | E6: Partial | F6: register_company works & creates Company+User. BUT bypasses CompanyRegistrationForm (no validation): FR-002.8 email verification = MISSING; FR-002.10 CR 10-digit validation = MISSING; FR-002.11 duplicate CR raises uncaught IntegrityError (HTTP 500).
A7: FR-003 | B7: AI-powered classification engine | C7: AI Engine | D7: Critical | E7: Partial | F7: classify_company() calls OpenAI & stores risk/summary. BUT FR-003.3/3.5 does NOT create the company control set/checklist; FR-003.7 admin manual override = MISSING; FR-003.9 re-classify on profile change = MISSING.
A8: FR-004 | B8: Compliance controls DB (334 controls) | C8: Compliance | D8: Critical | E8: Partial | F8: Models complete; cross-mapping (ControlMapping) present (20 rows). BUT only 197/334 seeded (NCA 65/114, Aramco 66/92, SABIC 66/94). FR-004.7 Excel import/export = MISSING; FR-004.8 versioning = MISSING.
A9: FR-005 | B9: Evidence upload & OCR processing | C9: Compliance+AI | D9: Critical | E9: Broken | F9: PDF & image OCR (Tesseract) work. BUT FR-005.1 DOCX/XLSX unsupported (binary read as utf-8 -> fails); FR-005.2 50MB conflicts w/ DATA_UPLOAD_MAX=10MB; FR-005.11 type/size validation = MISSING; FR-005.12 thumbnails = MISSING; FR-005.13 delete w/ audit = MISSING.
A10: FR-006 | B10: AI-powered evidence analysis | C10: AI Engine | D10: Critical | E10: Partial | F10: analyze_evidence() implemented & wired into upload. BUT runs synchronously (blocks request); FR-006.9 batch analysis = MISSING; FR-006.11 API rate limiting = MISSING; FR-006.10 retry logic minimal (single try/except).
A11: FR-007 | B11: Gap analysis & predictive risk | C11: AI Engine | D11: High | E11: Broken | F11: generate_gap_analysis() implemented. BUG: run_gap_analysis only saves a GapAnalysis row for NCA; Aramco & SABIC never saved. FR-007.12 PDF export = MISSING.
A12: FR-008 | B12: Role-specific dashboards (4 roles) | C12: Dashboard | D12: High | E12: Partial | F12: Executive/Compliance/IT/BU dashboards exist and query real data. Partial: heatmap/ROI/benchmarks largely template-level; data sources (monitoring) are empty (see FR-010).
A13: FR-009 | B13: Auditor portal | C13: Auditor Portal | D13: High | E13: Partial | F13: Dashboard, review, notes, document request, submit_report implemented. BUT FR-009.10 digital signature = MISSING; certificate issuance on pass (UC-004 step 11) = MISSING; FR-009.13 PDF export = MISSING.
A14: FR-010 | B14: Continuous compliance monitoring | C14: Monitoring | D14: High | E14: Missing | F14: Models exist (ComplianceScore/Alert/MonthlyReport/CertificateTracker) but NOTHING populates them: no Celery tasks, no scheduler. FR-010.1 daily recalc, .2 monthly reports, .3 renewal countdown, .4 alerts, .5 email = ALL MISSING. realtime view crashes (template realtime.html missing).
A15: FR-011 | B15: Reporting & export (PDF/Excel/board) | C15: Dashboard | D15: Medium | E15: Missing | F15: No PDF/Excel generation libs (no reportlab/weasyprint/openpyxl) and no export code anywhere. Entire FR-011 not implemented.
A16: FR-012 | B16: User & access management | C16: Core | D16: High | E16: Partial | F16: RBAC role choices exist; login/logout work. BUT FR-012.3 MFA = MISSING; FR-012.4 12-char password policy = NOT enforced; FR-012.6 account lockout = MISSING; FR-012.7 password reset = MISSING; FR-012.8 user activity audit log = MISSING; FR-012.9 invite users = MISSING.

Sheet Non-Functional Requirements
A1: Non-Functional Requirements
A2: CyberTrust KSA — Requirements Traceability Matrix (SRS v1.0 vs. Implementation)
A4: Req ID | B4: Requirement | C4: Category | D4: Target | E4: Status | F4: Notes
A5: NFR-001 | B5: Page load time | C5: Performance | D5: < 3s | E5: Deployment | F5: Not benchmarked; depends on deploy.
A6: NFR-002 | B6: API response time | C6: Performance | D6: < 2s | E6: Partial | F6: No REST API exists; template views only.
A7: NFR-003 | B7: AI analysis response | C7: Performance | D7: < 30s/control | E7: Partial | F7: Runs synchronously in request (no async/Celery).
A8: NFR-004 | B8: OCR processing time | C8: Performance | D8: < 10s/page | E8: Partial | F8: Synchronous; 300 DPI full-page OCR may exceed.
A9: NFR-005 | B9: Concurrent users | C9: Performance | D9: 500+ | E9: Deployment | F9: SQLite dev DB; not tuned/tested.
A10: NFR-006 | B10: File upload size | C10: Performance | D10: up to 50MB | E10: Broken | F10: DATA_UPLOAD_MAX_MEMORY_SIZE=10MB blocks 50MB.
A11: NFR-007 | B11: Dashboard refresh | C11: Performance | D11: < 5s | E11: Deployment | F11: Not benchmarked.
A12: NFR-008 | B12: Report generation | C12: Performance | D12: < 60s | E12: Missing | F12: No report generation implemented.
A13: NFR-009 | B13: DB query time | C13: Performance | D13: < 500ms | E13: Deployment | F13: Not benchmarked.
A14: NFR-010 | B14: Search response | C14: Performance | D14: < 2s | E14: Missing | F14: No global search feature found.
A15: NFR-011 | B15: Encryption at rest | C15: Security | D15: AES-256 | E15: Missing | F15: SQLite plaintext; no field/disk encryption.
... A52: NFR-048 | B52: Right to deletion | C52: Compliance | D52: support | E52: Missing | F52: Not implemented.

Sheet Prototype & Use Cases
A1: Prototype & Use Cases
A2: CyberTrust KSA — Requirements Traceability Matrix (SRS v1.0 vs. Implementation)
A4: Ref | B4: Item (Prototype v3.2 / Use Case) | C4: Status | D4: Notes
A5: Phase 0 | B5: Landing page | C5: Partial | D5: Implemented; hardcoded 334 controls.
A6: Phase 1 | B6: Smart classification | C6: Partial | D6: AI runs; does not build company control set or N/A auto-marking.
A7: Phase 2 | B7: Integrations Hub (200+ tools, OAuth) | C7: Missing | D7: No integrations app/models at all.
A8: Phase 3 | B8: Automated control testing (continuous) | C8: Missing | D8: No background testing engine; no scheduler.
A9: Phase 4 | B9: Vulnerability management (CVE scan/map) | C9: Missing | D9: No vuln models/CVE ingestion.
A10: Phase 5 | B10: Gap analysis & predictive risk | C10: Broken | D10: Works but only saves NCA result (bug).
A11: Phase 6 | B11: Role-specific dashboards | C11: Partial | D11: 4 dashboards exist; data sources empty.
A12: Phase 7 | B12: Pre-audit simulator & auditor portal | C12: Partial | D12: Auditor portal exists; virtual simulator MISSING.
A13: Phase 8 | B13: Results & ROI dashboard | C13: Partial | D13: ROI numbers are static in templates.
A14: Phase 9 | B14: Security & certifications page | C14: Missing | D14: No dedicated page/route found.
A15: Phase 10A | B15: Continuous compliance hub | C15: Partial | D15: Page renders; no data generation/scheduler.
... A21: UC-005 | B21: Continuous monitoring alert | C21: Missing | D21: No automated check/alert/email pipeline.

Sheet Unified Gap Register
A1: Unified Gap Register
A2: Manus conceptual/idea-level gaps + code-vs-spec implementation gaps, consolidated
A4: Gap ID | B4: Type | C4: Category | D4: Gap Description | E4: Impact | F4: Recommendation | G4: Priority | H4: Status
A5: G-C01 | B5: Concept | C5: Data integrity | D5: No mechanism to verify user-entered company data (CR, sector, size). | E5: Wrong classification -> inaccurate assessment & certificate. | F5: Add data-validation; reconcile with the Nafath question (see G-X01). | G5: High | H5: Open
A6: G-C02 | B6: Concept | C6: AI scope | D6: AI Co-Pilot capabilities are undefined (chat? active recommendations? form-fill?). | E6: Unrealistic user expectations; AI under-utilized. | F6: Define Co-Pilot scope per phase (explain controls, suggest evidence, guide remediation). | G6: Medium | H6: Open
A7: G-C03 | B7: Concept | C7: Classification | D7: No rules for complex/ambiguous cases (multi-sector, complex ownership, CNI edge cases). | E7: Misclassification; user frustration; heavy manual intervention. | F7: Detailed AI rules + expert manual-review path + smarter Co-Pilot follow-ups. | G7: Medium | H7: Open
A8: G-C04 | B8: Concept | C8: Integrations | D8: Depth of OAuth integrations / legacy-system handling not specified. | E8: Integration with enterprise stacks is hard; falls back to manual evidence. | F8: Per-system integration docs; flexible APIs; connectors/agents; efficient manual path. | G8: High | H8: Open
A9: G-C05 | B9: Concept | C9: AI accuracy | D9: NLP evidence-mapping accuracy is critical but unproven. | E9: Wrong evidence mapping / confidence -> heavy manual review, less automation value. | F9: Invest in training/eval datasets; user feedback loop; show AI mapping for confirmation. | G9: High | H9: Open
A10: G-C06 | B10: Concept | C10: Predictive risk | D10: Predictive risk engine needs large historical audit data not yet available. | E10: Misleading risk predictions; poor resource allocation / false security. | F10: Clarify data sources; start conservative; grow model; be transparent about probabilities. | G10: Medium | H10: Open
A11: G-C07 | B11: Concept | C11: Generation quality | D11: Quality of AI-generated policies & remediation scripts is unguaranteed. | E11: Inaccurate output -> security risk / non-compliance / rework. | F11: Customizable templates; mandatory human review before adopting any generated artifact. | G11: High | H11: Open
A12: G-C08 | B12: Concept | C12: UX/UI | D12: UX/UI detail (esp. auditor interface) not specified. | E12: Poor UX hinders adoption even with strong functions. | F12: Invest in UX/UI; user-test with orgs and auditors; align to KSA gov design guidance. | G12: Medium | H12: Open
A13: G-C09 | B13: Concept | C13: Legal | D13: Liability for assessment accuracy / certificate validity / reg-change handling unclear. | E13: Legal exposure if assessments are wrong or stale. | F13: Legal review; clear disclaimer (assistive tool, not a substitute); rapid reg-update process. | G13: High | H13: Open
A14: G-C10 | B14: Concept | C14: Localization | D14: Full AR/EN coverage (UI, reports, generated policies, help) not just Co-Pilot. | E14: Usability issues for local/government users. | F14: Comprehensive professional localization of every component. | G14: Medium | H14: Partially fixed
A15: G-C11 | B15: Concept | C15: Adoption | D15: No change-management strategy for moving orgs from manual to automated. | E15: User resistance; under-utilization; rollout failure. | F15: Training programs, bilingual learning materials, ongoing support & user community. | G15: Medium | H15: Open
... A30: G-X01 | B30: Conflict | C30: Requirements | D30: Manus researches & recommends Nafath/government verification; SRS forbids Nafath/Wathiq (standalone). | E30: Two authoritative docs point opposite ways. | F30: Product owner to decide; update SRS or drop the Nafath recommendation accordingly. | G30: High | H30: Needs decision
A33: Tally
A34: Resolved this session | B34: =COUNTIF(H5:H30,A34) -> 14
A35: Partially fixed | B35: =COUNTIF(H5:H30,A35) -> 1
A36: Open | B36: =COUNTIF(H5:H30,A36) -> 10
A37: Needs decision | B37: =COUNTIF(H5:H30,A37) -> 1
A38: TOTAL gaps | B38: =COUNTA(A5:A30) -> 26
